Player,Tm,rookie_year,25-26,25-26 Option,26-27,26-27 Option,27-28,27-28 Option,28-29,28-29 Option,29-30,29-30 Option,Helper 1,,Helper 2,,Helper 3,,Helper 4,,Helper 5,,,,,Guaranteed
Stephen Curry,GSW,2009,"$59,606,817",,"$62,587,158",,,,,,,,C2,,E2,,G2,,I2,,K2,,,,,"$122,193,975"
Joel Embiid,PHI,2014,"$55,224,526",,"$58,100,000",,"$62,748,000",,"$67,396,000",Player,,,C3,,E3,,G3,,I3,,K3,,,,,"$176,072,526"
Nikola Jokić,DEN,2014,"$55,224,526",,"$59,033,114",,"$62,841,702",Player,,,,,C4,,E4,,G4,,I4,,K4,,,,,"$114,257,640"
Kevin Durant,HOU,2007,"$54,708,609",,"$43,902,439",,"$46,097,561",Player,,,,,C5,,E5,,G5,,I5,,K5,,,,,"$98,611,048"
Jayson Tatum,BOS,2017,"$54,126,450",,"$58,456,566",,"$62,786,682",,"$67,116,798",,"$71,446,914",Player,C6,,E6,,G6,,I6,,K6,,,,,"$242,486,496"
Anthony Davis,WAS,2012,"$54,126,450",,"$58,456,566",,"$62,786,682",Player,,,,,C7,,E7,,G7,,I7,,K7,,,,,"$112,583,016"
Giannis Antetokounmpo,MIL,2013,"$54,126,450",,"$58,456,566",,"$62,786,682",Player,,,,,C8,,E8,,G8,,I8,,K8,,,,,"$112,583,016"
Jimmy Butler,GSW,2011,"$54,126,450",,"$56,832,773",,,,,,,,C9,,E9,,G9,,I9,,K9,,,,,"$110,959,223"
Jaylen Brown,BOS,2016,"$53,142,264",,"$57,078,728",,"$61,015,192",,"$64,951,656",,,,C10,,E10,,G10,,I10,,K10,,,,,"$236,187,840"
Devin Booker,PHO,2015,"$53,142,264",,"$57,078,728",,"$61,015,192",,"$64,065,952",,"$69,191,228",Player,C11,,E11,,G11,,I11,,K11,,,,,"$235,302,136"
Karl-Anthony Towns,NYK,2015,"$53,142,264",,"$57,078,728",,"$61,015,192",Player,,,,,C12,,E12,,G12,,I12,,K12,,,,,"$110,220,992"
LeBron James,LAL,2003,"$52,627,153",Player,,,,,,,,,C13,,E13,,G13,,I13,,K13,,,,,"$52,627,153"
Paul George,PHI,2010,"$51,666,090",,"$54,126,380",,"$56,586,670",Player,,,,,C14,,E14,,G14,,I14,,K14,,,,,"$105,792,470"
Kawhi Leonard,LAC,2011,"$50,000,000",,"$50,300,000",,,,,,,,C15,,E15,,G15,,I15,,K15,,,,,"$100,300,000"
Zach LaVine,SAC,2014,"$47,499,660",,"$48,967,380",Player,,,,,,,C16,,E16,,G16,,I16,,K16,,,,,"$47,499,660"
Cade Cunningham,DET,2021,"$46,394,100",,"$50,105,628",,"$53,817,156",,"$57,528,684",,"$61,240,212",,C17,,E17,,G17,,I17,,K17,,,,,"$269,085,780"
Evan Mobley,CLE,2021,"$46,394,100",,"$50,105,628",,"$53,817,156",,"$57,528,684",,"$61,240,212",,C18,,E18,,G18,,I18,,K18,,,,,"$269,085,780"
Jamal Murray,DEN,2016,"$46,394,100",,"$50,105,628",,"$53,817,156",,"$57,528,684",,,,C19,,E19,,G19,,I19,,K19,,,,,"$207,845,568"
Lauri Markkanen,UTA,2017,"$46,394,100",,"$46,113,154",,"$49,824,681",,"$53,536,209",,,,C20,,E20,,G20,,I20,,K20,,,,,"$195,868,144"
Donovan Mitchell,CLE,2017,"$46,394,100",,"$50,105,628",,"$53,817,156",Player,,,,,C21,,E21,,G21,,I21,,K21,,,,,"$96,499,728"
Trae Young,WAS,2018,"$46,394,100",,"$48,967,380",Player,,,,,,,C22,,E22,,G22,,I22,,K22,,,,,"$46,394,100"
Luka Dončić,LAL,2018,"$45,999,660",,"$49,800,000",,"$53,784,000",,"$57,768,000",Player,,,C23,,E23,,G23,,I23,,K23,,,,,"$149,583,660"
Anthony Edwards,MIN,2020,"$45,550,512",,"$48,924,624",,"$52,298,736",,"$55,672,848",,,,C24,,E24,,G24,,I24,,K24,,,,,"$202,446,720"
Tyrese Haliburton,IND,2020,"$45,550,512",,"$48,924,624",,"$52,298,736",,"$55,672,848",,,,C25,,E25,,G25,,I25,,K25,,,,,"$202,446,720"
Pascal Siakam,IND,2016,"$45,550,512",,"$48,924,624",,"$52,298,736",,,,,,C26,,E26,,G26,,I26,,K26,,,,,"$146,773,872"
Domantas Sabonis,SAC,2016,"$42,336,000",,"$45,472,000",,"$48,608,000",,,,,,C27,,E27,,G27,,I27,,K27,,,,,"$136,416,000"
OG Anunoby,NYK,2017,"$39,568,966",,"$42,500,000",,"$45,431,034",,"$48,362,068",Player,,,C28,,E28,,G28,,I28,,K28,,,,,"$127,500,000"
Zion Williamson,NOP,2019,"$39,446,090",,"$42,166,510",,"$44,886,930",#ERROR!,,,,,C29,,E29,,G29,,I29,,K29,,,,,"$126,499,530"
Ja Morant,MEM,2019,"$39,446,090",,"$42,166,510",,"$44,886,930",,,,,,C30,,E30,,G30,,I30,,K30,,,,,"$126,499,530"
Darius Garland,LAC,2019,"$39,446,090",,"$42,166,510",,"$44,886,930",,,,,,C31,,E31,,G31,,I31,,K31,,,,,"$126,499,530"
James Harden,CLE,2009,"$39,182,693",,"$42,317,307",Player,,,,,,,C32,,E32,,G32,,I32,,K32,,,,,
Scottie Barnes,TOR,2021,"$38,661,750",,"$41,754,690",,"$44,847,630",,"$47,940,570",,"$51,033,510",,C33,,E33,,G33,,I33,,K33,,,,,"$224,238,150"
Franz Wagner,ORL,2021,"$38,661,750",,"$41,754,690",,"$44,847,630",,"$47,940,570",,"$51,033,510",,C34,,E34,,G34,,I34,,K34,,,,,"$224,238,150"
Shai Gilgeous-Alexander,OKC,2018,"$38,333,050",,"$40,806,150",,"$61,005,000",,"$65,885,400",,"$70,765,800",,C35,,E35,,G35,,I35,,K35,,,,,"$276,795,400"
Michael Porter Jr.,BRK,2018,"$38,333,050",,"$40,806,150",,,,,,,,C36,,E36,,G36,,I36,,K36,,,,,"$50,333,050"
Brandon Ingram,TOR,2016,"$38,095,238",,"$40,000,000",,"$41,904,762",Player,,,,,C37,,E37,,G37,,I37,,K37,,,,,"$78,095,238"
Tyrese Maxey,PHI,2020,"$37,958,760",,"$40,770,520",,"$43,582,280",,"$46,394,040",,,,C38,,E38,,G38,,I38,,K38,,,,,"$168,705,600"
LaMelo Ball,CHO,2020,"$37,958,760",,"$40,770,520",,"$43,582,280",,"$46,394,040",,,,C39,,E39,,G39,,I39,,K39,,,,,"$168,705,600"
De'Aaron Fox,SAS,2017,"$37,096,620",,"$49,800,000",,"$53,784,000",,"$57,768,000",,"$61,752,000",,C40,,E40,,G40,,I40,,K40,,,,,"$260,200,620"
Bam Adebayo,MIA,2017,"$37,096,620",,"$49,800,000",,"$53,784,000",,"$57,768,000",Player,,,C41,,E41,,G41,,I41,,K41,,,,,"$140,680,620"
Desmond Bane,ORL,2020,"$36,725,670",,"$39,446,090",,"$42,166,510",,"$44,886,930",,,,C42,,E42,,G42,,I42,,K42,,,,,"$163,225,200"
Kyrie Irving,DAL,2011,"$36,566,002",,"$39,491,282",,"$42,416,562",Player,,,,,C43,,E43,,G43,,I43,,K43,,,,,"$76,057,284"
Jaren Jackson Jr.,UTA,2018,"$35,000,000",,"$49,000,000",,"$50,500,000",,"$52,000,000",,"$53,500,000",Player,C44,,E44,,G44,,I44,,K44,,,,,"$186,500,000"
Jalen Suggs,ORL,2021,"$35,000,000",,"$32,400,000",,"$29,600,000",,"$26,800,000",,"$26,700,000",Team,C45,,E45,,G45,,I45,,K45,,,,,"$123,800,000"
Rudy Gobert,MIN,2013,"$35,000,000",,"$36,500,000",,"$38,000,000",Player,,,,,C46,,E46,,G46,,I46,,K46,,,,,"$71,500,000"
Jalen Brunson,NYK,2018,"$34,944,001",,"$37,739,521",,"$40,535,041",,"$43,330,561",Player,,,C47,,E47,,G47,,I47,,K47,,,,,"$113,218,563"
Alperen Şengün,HOU,2021,"$33,944,954",,"$35,642,202",,"$37,339,450",,"$39,036,697",,"$39,036,697",Player,C48,,E48,,G48,,I48,,K48,,,,,"$145,963,303"
Jalen Green,PHO,2021,"$33,584,499",,"$36,251,166",,"$36,000,000",Player,,,,,C49,,E49,,G49,,I49,,K49,,,,,"$69,835,665"
Khris Middleton,DAL,2012,"$33,296,296",Player,,,,,,,,,C50,,E50,,G50,,I50,,K50,,,,,"$33,296,296"
Immanuel Quickley,TOR,2020,"$32,500,000",,"$32,500,000",,"$32,500,000",,"$32,500,000",,,,C51,,E51,,G51,,I51,,K51,,,,,"$130,000,000"
Jrue Holiday,POR,2009,"$32,400,000",,"$34,800,000",,"$37,200,000",Player,,,,,C52,,E52,,G52,,I52,,K52,,,,,"$67,200,000"
Jerami Grant,POR,2014,"$32,000,001",,"$34,206,898",,"$36,413,790",Player,,,,,C53,,E53,,G53,,I53,,K53,,,,,"$66,206,899"
Jordan Poole,NOP,2019,"$31,848,215",,"$34,044,642",,,,,,,,C54,,E54,,G54,,I54,,K54,,,,,"$65,892,857"
Tyler Herro,MIA,2019,"$31,000,000",,"$33,000,000",,,,,,,,C55,,E55,,G55,,I55,,K55,,,,,"$64,000,000"
Julius Randle,MIN,2014,"$30,864,198",,"$33,333,334",,"$35,802,468",Player,,,,,C56,,E56,,G56,,I56,,K56,,,,,"$64,197,532"
Dejounte Murray,NOP,2016,"$30,801,103",,"$32,785,071",,"$30,751,504",Player,,,,,C57,,E57,,G57,,I57,,K57,,,,,"$63,586,174"
Kristaps Porziņģis,GSW,2015,"$30,731,707",,,,,,,,,,C58,,E58,,G58,,I58,,K58,,,,,"$30,731,707"
CJ McCollum,ATL,2013,"$30,666,666",,,,,,,,,,C59,,E59,,G59,,I59,,K59,,,,,"$30,666,666"
Jalen Johnson,ATL,2021,"$30,000,000",,"$30,000,000",,"$30,000,000",,"$30,000,000",,"$30,000,000",,C60,,E60,,G60,,I60,,K60,,,,,"$150,000,000"
Isaiah Hartenstein,OKC,2017,"$28,500,000",,"$28,500,000",Team,,,,,,,C61,,E61,,G61,,I61,,K61,,,,,"$28,500,000"
Andrew Wiggins,MIA,2014,"$28,223,215",,"$30,169,644",Player,,,,,,,C62,,E62,,G62,,I62,,K62,,,,,"$28,223,215"
Derrick White,BOS,2017,"$28,100,000",,"$30,348,000",,"$32,596,000",,"$34,844,000",Player,,,C63,,E63,,G63,,I63,,K63,,,,,"$91,044,000"
RJ Barrett,TOR,2019,"$27,705,357",,"$29,616,071",,,,,,,,C64,,E64,,G64,,I64,,K64,,,,,"$57,321,428"
Anfernee Simons,CHI,2018,"$27,678,571",,,,,,,,,,C65,,E65,,G65,,I65,,K65,,,,,"$27,678,571"
Devin Vassell,SAS,2020,"$27,000,000",,"$27,000,000",,"$24,652,174",,"$27,000,000",,,,C66,,E66,,G66,,I66,,K66,,,,,"$105,652,174"
Terry Rozier,MIA,2015,"$26,643,031",,,,,,,,,,C67,,E67,,G67,,I67,,K67,,,,,"$26,643,031"
Tobias Harris,DET,2011,"$26,634,146",,,,,,,,,,C68,,E68,,G68,,I68,,K68,,,,,"$26,634,146"
John Collins,LAC,2017,"$26,580,000",Player,,,,,,,,,C69,,E69,,G69,,I69,,K69,,,,,"$26,580,000"
Draymond Green,GSW,2012,"$25,892,857",,"$27,678,571",,,,,,,,C70,,E70,,G70,,I70,,K70,,,,,"$53,571,428"
Deandre Ayton,POR,2018,"$33,654,814",,"$8,104,000",Player,,,,,,,C71,,E71,,G71,,I71,,K71,,,,,"$25,550,814"
Nic Claxton,BRK,2019,"$25,352,272",,"$23,147,727",,"$20,943,184",,,,,,C72,,E72,,G72,,I72,,K72,,,,,"$69,443,183"
Myles Turner,MIL,2015,"$25,318,251",,"$26,584,164",,"$27,850,077",,"$29,115,990",Player,,,C73,,E73,,G73,,I73,,K73,,,,,"$79,752,492"
Trey Murphy III,NOP,2021,"$25,000,000",,"$27,000,000",,"$29,000,000",,"$31,000,000",,,,C74,,E74,,G74,,I74,,K74,,,,,"$112,000,000"
Josh Giddey,CHI,2021,"$25,000,000",,"$25,000,000",,"$25,000,000",,"$25,000,000",,,,C75,,E75,,G75,,I75,,K75,,,,,"$100,000,000"
Miles Bridges,CHO,2018,"$25,000,000",,"$22,826,087",,,,,,,,C76,,E76,,G76,,I76,,K76,,,,,"$47,826,087"
Fred VanVleet,HOU,2016,"$25,000,000",,"$25,000,000",Player,,,,,,,C77,,E77,,G77,,I77,,K77,,,,,"$25,000,000"
Mikal Bridges,NYK,2018,"$24,900,000",,"$33,482,145",,"$36,160,714",,"$38,839,285",,"$41,517,856",Player,C78,,E78,,G78,,I78,,K78,,,,,"$133,382,144"
DeMar DeRozan,SAC,2009,"$24,570,000",,"$25,740,000",,,,,,,,C79,,E79,,G79,,I79,,K79,,,,,"$24,570,000"
Jaden McDaniels,MIN,2020,"$24,393,104",,"$26,200,001",,"$28,006,898",,"$29,813,790",,,,C80,,E80,,G80,,I80,,K80,,,,,"$108,413,793"
Jonathan Kuminga,ATL,2021,"$23,799,569",,"$24,300,000",Team,,,,,,,C81,,E81,,G81,,I81,,K81,,,,,"$23,799,569"
De'Andre Hunter,SAC,2019,"$23,303,571",,"$24,910,714",,,,,,,,C82,,E82,,G82,,I82,,K82,,,,,"$48,214,285"
Aaron Gordon,DEN,2014,"$22,841,455",Player,"$33,658,037",,"$36,350,680",,"$39,043,323",Player,,,C83,,E83,,G83,,I83,,K83,,,,,"$92,850,172"
Damian Lillard,MIL,2012,"$36,620,603",,"$35,915,403",,"$36,620,603",Player,"$22,516,603",,"$22,516,603",,C84,,E84,,G84,,I84,,K84,,,,,"$112,583,015"
Kyle Kuzma,MIL,2017,"$22,410,605",,"$20,345,152",,,,,,,,C85,,E85,,G85,,I85,,K85,,,,,"$42,755,757"
Kentavious Caldwell-Pope,MEM,2013,"$21,621,500",,"$21,621,500",Player,,,,,,,C86,,E86,,G86,,I86,,K86,,,,,"$21,621,500"
Naz Reid,MIN,2019,"$21,551,724",,"$23,275,862",,"$25,000,000",,"$26,724,138",,"$28,448,276",Player,C87,,E87,,G87,,I87,,K87,,,,,"$96,551,724"
Nikola Vučević,BOS,2011,"$21,481,481",,,,,,,,,,C88,,E88,,G88,,I88,,K88,,,,,"$21,481,481"
Dillon Brooks,PHO,2017,"$21,124,110",,"$19,992,727",,,,,,,,C89,,E89,,G89,,I89,,K89,,,,,"$41,116,837"
Cameron Johnson,DEN,2019,"$21,057,065",,"$23,062,500",,,,,,,,C90,,E90,,G90,,I90,,K90,,,,,"$44,119,565"
Norman Powell,MIA,2015,"$20,482,758",,,,,,,,,,C91,,E91,,G91,,I91,,K91,,,,,"$20,482,758"
Jarrett Allen,CLE,2017,"$20,000,000",,"$28,000,000",,"$30,240,000",,"$32,480,000",,,,C92,,E92,,G92,,I92,,K92,,,,,"$110,720,000"
Jakob Poeltl,TOR,2016,"$19,500,000",,"$19,500,000",Player,"$27,300,000",,"$29,484,000",,"$27,300,000",,C93,,E93,,G93,,I93,,K93,,,,,"$95,784,000"
Josh Hart,NYK,2017,"$19,472,240",,"$20,923,760",,"$22,375,280",Team,,,,,C94,,E94,,G94,,I94,,K94,,,,,"$40,396,000"
Bradley Beal,PHO,2012,"$24,737,010",,"$25,004,710",Player,"$19,383,010",,"$19,383,010",,"$19,383,010",,C95,,E95,,G95,,I95,,K95,,,,,"$96,915,050"
Jusuf Nurkić,UTA,2014,"$19,375,000",,,,,,,,,,C96,,E96,,G96,,I96,,K96,,,,,"$19,375,000"
Harrison Barnes,SAS,2012,"$19,000,000",,,,,,,,,,C97,,E97,,G97,,I97,,K97,,,,,"$19,000,000"
Collin Sexton,CHI,2018,"$18,975,000",,,,,,,,,,C98,,E98,,G98,,I98,,K98,,,,,"$18,975,000"
Ivica Zubac,IND,2016,"$18,893,980",,"$20,342,140",,"$21,790,300",,,,,,C99,,E99,,G99,,I99,,K99,,,,,"$61,026,420"
Malik Monk,SAC,2017,"$18,797,619",,"$20,190,035",,"$21,582,451",Player,,,,,C100,,E100,,G100,,I100,,K100,,,,,"$38,987,654"
Santi Aldama,MEM,2021,"$18,485,916",,"$17,007,043",,"$17,007,043",Team,,,,,C101,,E101,,G101,,I101,,K101,,,,,"$35,492,959"
Rui Hachimura,LAL,2019,"$18,259,259",,,,,,,,,,C102,,E102,,G102,,I102,,K102,,,,,"$18,259,259"
Luguentz Dort,OKC,2019,"$18,222,222",,"$18,222,222",Team,,,,,,,C103,,E103,,G103,,I103,,K103,,,,,"$18,222,222"
Alex Caruso,OKC,2017,"$18,102,000",,"$19,550,160",,"$20,998,320",,"$22,446,480",,,,C104,,E104,,G104,,I104,,K104,,,,,"$81,096,960"
Andrew Nembhard,IND,2022,"$18,102,000",,"$19,550,160",,"$20,998,320",,,,,,C105,,E105,,G105,,I105,,K105,,,,,"$58,650,480"
Zach Collins,CHI,2017,"$18,080,496",,,,,,,,,,C106,,E106,,G106,,I106,,K106,,,,,"$18,080,496"
Patrick Williams,CHI,2020,"$18,000,000",,"$18,000,000",,"$18,000,000",,"$18,000,000",Player,,,C107,,E107,,G107,,I107,,K107,,,,,"$54,000,000"
Kevin Huerter,DET,2018,"$17,991,071",,,,,,,,,,C108,,E108,,G108,,I108,,K108,,,,,"$17,991,071"
Keldon Johnson,SAS,2019,"$17,500,000",,"$17,500,000",,,,,,,,C109,,E109,,G109,,I109,,K109,,,,,"$35,000,000"
Grayson Allen,PHO,2018,"$16,875,000",,"$18,125,000",,"$19,375,000",Player,,,,,C110,,E110,,G110,,I110,,K110,,,,,"$35,000,000"
Duncan Robinson,DET,2018,"$16,834,692",,"$15,992,957",,"$15,151,222",,,,,,C111,,E111,,G111,,I111,,K111,,,,,"$16,834,692"
Klay Thompson,DAL,2011,"$16,666,667",,"$17,460,317",,,,,,,,C112,,E112,,G112,,I112,,K112,,,,,"$34,126,984"
Bogdan Bogdanović,LAC,2014,"$16,020,000",,"$16,020,000",Team,,,,,,,C113,,E113,,G113,,I113,,K113,,,,,"$16,020,000"
Max Strus,CLE,2019,"$15,936,452",,"$16,660,836",,,,,,,,C114,,E114,,G114,,I114,,K114,,,,,"$32,597,288"
Terance Mann,BRK,2019,"$15,500,000",,"$15,500,000",,"$16,000,000",#ERROR!,,,,,C115,,E115,,G115,,I115,,K115,,,,,"$47,000,000"
Paolo Banchero,ORL,2022,"$15,334,769",Team,"$41,500,000",,"$44,820,000",,"$48,140,000",,"$51,460,000",,C116,,E116,,G116,,I116,,K116,,,,,"$201,254,769"
Nickeil Alexander-Walker,ATL,2019,"$15,161,800",,"$14,403,710",,"$15,161,800",,"$15,919,890",Player,,,C117,,E117,,G117,,I117,,K117,,,,,"$44,727,310"
Onyeka Okongwu,ATL,2020,"$15,000,000",,"$16,120,000",,"$16,880,000",,,,,,C118,,E118,,G118,,I118,,K118,,,,,"$48,000,000"
Jonathan Isaac,ORL,2017,"$15,000,000",,"$14,500,000",,"$14,500,000",,"$15,000,000",,,,C119,,E119,,G119,,I119,,K119,,,,,"$44,000,000"
Isaiah Stewart,DET,2020,"$15,000,000",,"$15,000,000",,"$15,000,000",Team,,,,,C120,,E120,,G120,,I120,,K120,,,,,"$30,000,000"
Marcus Smart,WAS,2014,"$19,920,855",,"$5,390,700",Player,,,,,,,C121,,E121,,G121,,I121,,K121,,,,,"$14,786,855"
Daniel Gafford,DAL,2019,"$14,386,320",,"$17,263,584",,"$18,126,763",,"$18,989,942",,,,C122,,E122,,G122,,I122,,K122,,,,,"$68,766,609"
Deni Avdija,POR,2020,"$14,375,000",,"$13,125,000",,"$11,875,000",,,,,,C123,,E123,,G123,,I123,,K123,,,,,"$39,375,000"
P.J. Washington,DAL,2019,"$14,152,174",,"$19,813,044",,"$21,398,088",,"$22,983,132",,"$24,568,176",,C124,,E124,,G124,,I124,,K124,,,,,"$102,914,614"
Steven Adams,HOU,2013,"$14,130,434",,"$13,000,000",,"$11,869,566",,,,,,C125,,E125,,G125,,I125,,K125,,,,,"$39,000,000"
Caris LeVert,DET,2016,"$14,104,000",,"$14,809,200",,,,,,,,C126,,E126,,G126,,I126,,K126,,,,,"$28,913,200"
Dennis Schröder,CLE,2013,"$14,104,000",,"$14,809,200",,"$15,514,400",,,,,,C127,,E127,,G127,,I127,,K127,,,,,"$28,913,200"
Damian Lillard,POR,2012,"$36,620,603",,"$35,915,403",,"$36,620,603",Player,"$22,516,603",,"$22,516,603",,C128,,E128,,G128,,I128,,K128,,,,,"$27,502,800"
Obi Toppin,IND,2020,"$14,000,000",,"$15,000,000",,"$16,025,000",,,,,,C129,,E129,,G129,,I129,,K129,,,,,"$45,025,000"
Corey Kispert,ATL,2021,"$13,975,000",,"$13,975,000",,"$13,050,000",,"$13,050,000",Team,,,C130,,E130,,G130,,I130,,K130,,,,,"$41,000,000"
Herbert Jones,NOP,2021,"$13,937,574",,"$14,898,786",,"$20,858,300",,"$22,526,964",,"$24,195,628",Player,C131,,E131,,G131,,I131,,K131,,,,,"$72,221,624"
Austin Reaves,LAL,2021,"$13,937,574",,"$14,898,786",Player,,,,,,,C132,,E132,,G132,,I132,,K132,,,,,"$13,937,574"
Cooper Flagg,DAL,2025,"$13,825,920",,"$14,517,480",,"$15,208,680",Team,"$19,178,146",Team,,,C133,,E133,,G133,,I133,,K133,,,,,"$28,343,400"
Chet Holmgren,OKC,2022,"$13,731,368",Team,"$41,500,000",,"$44,820,000",,"$48,140,000",,"$51,460,000",,C134,,E134,,G134,,I134,,K134,,,,,"$254,431,368"
Josh Green,CHO,2020,"$13,666,667",,"$14,679,012",,,,,,,,C135,,E135,,G135,,I135,,K135,,,,,"$28,345,679"
Grant Williams,CHO,2019,"$13,645,500",,"$14,265,750",,,,,,,,C136,,E136,,G136,,I136,,K136,,,,,"$27,911,250"
Bobby Portis,MIL,2015,"$13,445,754",,"$14,521,414",,"$15,597,074",Player,,,,,C137,,E137,,G137,,I137,,K137,,,,,"$27,967,168"
Kelly Olynyk,SAS,2013,"$13,445,122",,,,,,,,,,C138,,E138,,G138,,I138,,K138,,,,,"$13,445,122"
Victor Wembanyama,SAS,2023,"$13,376,880",Team,"$16,868,246",Team,,,,,,,C139,,E139,,G139,,I139,,K139,,,,,"$30,245,126"
Robert Williams,POR,2018,"$13,285,713",,,,,,,,,,C140,,E140,,G140,,I140,,K140,,,,,"$13,285,713"
Zaccharie Risacher,ATL,2024,"$13,197,720",,"$13,826,040",Team,"$17,434,637",Team,,,,,C141,,E141,,G141,,I141,,K141,,,,,"$27,023,760"
Mitchell Robinson,NYK,2018,"$12,954,546",,,,,,,,,,C142,,E142,,G142,,I142,,K142,,,,,"$12,954,546"
Coby White,CHO,2019,"$12,888,889",,,,,,,,,,C143,,E143,,G143,,I143,,K143,,,,,"$12,888,889"
Dorian Finney-Smith,HOU,2016,"$12,700,000",,"$13,335,000",,"$13,335,000",,"$13,335,000",Player,,,C144,,E144,,G144,,I144,,K144,,,,,"$39,370,000"
Brandon Clarke,MEM,2019,"$12,500,000",,"$12,500,000",,,,,,,,C145,,E145,,G145,,I145,,K145,,,,,"$25,000,000"
Dylan Harper,SAS,2025,"$12,370,320",,"$12,989,040",,"$13,607,760",Team,"$17,172,994",Team,,,C146,,E146,,G146,,I146,,K146,,,,,"$25,359,360"
Isaiah Joe,OKC,2020,"$12,362,338",,"$11,323,006",,"$11,323,006",Team,,,,,C147,,E147,,G147,,I147,,K147,,,,,"$23,685,344"
Jabari Smith Jr.,HOU,2022,"$12,350,392",Team,"$23,643,411",,"$21,751,940",,"$23,643,411",,"$25,534,883",,C148,,E148,,G148,,I148,,K148,,,,,"$134,350,392"
Donte DiVincenzo,MIN,2018,"$11,990,000",,"$12,535,000",,,,,,,,C149,,E149,,G149,,I149,,K149,,,,,"$24,525,000"
Brandon Miller,CHO,2023,"$11,968,800",Team,"$15,104,626",Team,,,,,,,C150,,E150,,G150,,I150,,K150,,,,,"$27,073,426"
Alex Sarr,WAS,2024,"$11,808,240",,"$12,370,680",Team,"$15,611,798",Team,,,,,C151,,E151,,G151,,I151,,K151,,,,,"$24,178,920"
Davion Mitchell,MIA,2021,"$11,600,000",,"$12,400,000",,,,,,,,C152,,E152,,G152,,I152,,K152,,,,,"$24,000,000"
Moses Moody,GSW,2021,"$11,574,075",,"$12,500,000",,"$13,425,925",,,,,,C153,,E153,,G153,,I153,,K153,,,,,"$37,500,000"
Jarred Vanderbilt,LAL,2018,"$11,571,429",,"$12,428,571",,"$13,285,714",Player,,,,,C154,,E154,,G154,,I154,,K154,,,,,"$24,000,000"
Matisse Thybulle,POR,2019,"$11,550,000",Player,,,,,,,,,C155,,E155,,G155,,I155,,K155,,,,,"$11,550,000"
Gabe Vincent,ATL,2019,"$11,500,000",,,,,,,,,,C156,,E156,,G156,,I156,,K156,,,,,"$11,500,000"
Keegan Murray,SAC,2022,"$11,144,093",Team,"$24,137,936",,"$26,068,965",,"$27,999,999",,"$29,931,033",,C157,,E157,,G157,,I157,,K157,,,,,"$151,144,093"
VJ Edgecombe,PHI,2025,"$11,108,880",,"$11,663,880",,"$12,219,720",Team,"$15,445,727",Team,,,C158,,E158,,G158,,I158,,K158,,,,,"$22,772,760"
Aaron Nesmith,IND,2020,"$11,000,000",,"$11,000,000",,"$19,418,000",,"$20,971,440",,,,C159,,E159,,G159,,I159,,K159,,,,,"$62,389,440"
Luke Kornet,SAS,2017,"$11,000,000",,"$10,450,000",,"$9,900,000",,"$9,350,000",Team,,,C160,,E160,,G160,,I160,,K160,,,,,"$24,000,000"
Isaac Okoro,CHI,2020,"$11,000,000",,"$11,814,814",,,,,,,,C161,,E161,,G161,,I161,,K161,,,,,"$22,814,814"
Luke Kennard,LAL,2017,"$11,000,000",,,,,,,,,,C162,,E162,,G162,,I162,,K162,,,,,"$11,000,000"
Maxi Kleber,LAL,2017,"$11,000,000",,,,,,,,,,C163,,E163,,G163,,I163,,K163,,,,,"$11,000,000"
Wendell Carter Jr.,ORL,2018,"$10,850,000",,"$18,102,000",,"$19,550,160",,"$20,998,320",Team,,,C164,,E164,,G164,,I164,,K164,,,,,"$48,502,160"
Mike Conley,CHO,2007,"$11,499,872",,,,,,,,,,C165,,E165,,G165,,I165,,K165,,,,,"$10,774,038"
Scoot Henderson,POR,2023,"$10,748,040",Team,"$13,585,523",Team,,,,,,,C166,,E166,,G166,,I166,,K166,,,,,"$24,333,563"
Jordan Clarkson,UTA,2014,"$12,947,835",,,,,,,,,,C167,,E167,,G167,,I167,,K167,,,,,"$10,651,561"
Reed Sheppard,HOU,2024,"$10,603,560",,"$11,108,880",Team,"$14,041,625",Team,,,,,C168,,E168,,G168,,I168,,K168,,,,,"$21,712,440"
Jonas Valančiūnas,DEN,2011,"$10,395,000",,"$10,000,000",,,,,,,,C169,,E169,,G169,,I169,,K169,,,,,"$10,395,000"
T.J. McConnell,IND,2015,"$10,200,000",,"$11,000,000",,"$11,800,000",,"$11,800,000",Team,,,C170,,E170,,G170,,I170,,K170,,,,,"$33,000,000"
Royce O'Neale,PHO,2017,"$10,125,000",,"$10,875,000",,"$11,625,000",,,,,,C171,,E171,,G171,,I171,,K171,,,,,"$32,625,000"
Jaden Ivey,CHI,2022,"$10,107,163",Team,,,,,,,,,C172,,E172,,G172,,I172,,K172,,,,,"$10,107,163"
Aaron Wiggins,OKC,2021,"$10,102,803",,"$9,224,300",,"$8,345,797",,"$8,345,797",Team,,,C173,,E173,,G173,,I173,,K173,,,,,"$27,672,900"
Sam Hauser,BOS,2021,"$10,044,644",,"$10,848,215",,"$11,651,785",,"$12,455,356",,,,C174,,E174,,G174,,I174,,K174,,,,,"$45,000,000"
Kon Knueppel,CHO,2025,"$10,015,680",,"$10,516,560",,"$11,017,560",Team,"$13,937,214",Team,,,C175,,E175,,G175,,I175,,K175,,,,,"$20,532,240"
Derrick Jones Jr.,LAC,2016,"$10,000,000",,"$10,476,190",,,,,,,,C176,,E176,,G176,,I176,,K176,,,,,"$20,476,190"
Lonzo Ball,UTA,2017,"$10,000,000",,,,,,,,,,C177,,E177,,G177,,I177,,K177,,,,,"$10,000,000"
Amen Thompson,HOU,2023,"$9,690,600",Team,"$12,258,609",Team,,,,,,,C178,,E178,,G178,,I178,,K178,,,,,"$21,949,209"
Caleb Martin,DAL,2019,"$9,594,044",,"$10,001,493",,"$9,371,351",Player,,,,,C179,,E179,,G179,,I179,,K179,,,,,"$19,595,537"
Stephon Castle,SAS,2024,"$9,560,520",,"$10,015,920",Team,"$12,670,139",Team,,,,,C180,,E180,,G180,,I180,,K180,,,,,"$19,576,440"
Pat Connaughton,CHO,2015,"$10,739,683",Player,"$3,815,861",,,,,,,,C181,,E181,,G181,,I181,,K181,,,,,"$10,739,683"
Buddy Hield,ATL,2016,"$9,219,512",,"$9,658,536",,"$10,097,560",Player,,,,,C182,,E182,,G182,,I182,,K182,,,,,"$18,878,048"
Kyle Anderson,MEM,2014,"$9,219,512",,,,,,,,,,C183,,E183,,G183,,I183,,K183,,,,,"$9,219,512"
Bennedict Mathurin,LAC,2022,"$9,187,573",Team,,,,,,,,,C184,,E184,,G184,,I184,,K184,,,,,"$9,187,573"
Ace Bailey,UTA,2025,"$9,069,840",,"$9,523,080",,"$9,976,560",Team,"$12,640,302",Team,,,C185,,E185,,G185,,I185,,K185,,,,,"$18,592,920"
Naji Marshall,DAL,2020,"$9,000,000",,"$9,428,571",,,,,,,,C186,,E186,,G186,,I186,,K186,,,,,"$18,428,571"
Jalen Smith,CHI,2020,"$9,000,000",,"$9,428,571",,,,,,,,C187,,E187,,G187,,I187,,K187,,,,,"$18,428,571"
Ty Jerome,MEM,2019,"$8,781,000",,"$9,220,050",,"$9,659,100",Player,,,,,C188,,E188,,G188,,I188,,K188,,,,,"$18,001,050"
Ausar Thompson,DET,2023,"$8,775,000",Team,"$11,117,925",Team,,,,,,,C189,,E189,,G189,,I189,,K189,,,,,"$19,892,925"
Brook Lopez,LAC,2008,"$8,750,000",,"$9,187,500",Team,,,,,,,C190,,E190,,G190,,I190,,K190,,,,,"$8,750,000"
Quentin Grimes,PHI,2021,"$8,741,209",,,,,,,,,,C191,,E191,,G191,,I191,,K191,,,,,"$8,741,209"
Ron Holland,DET,2024,"$8,657,280",,"$9,069,600",Team,"$11,491,183",Team,,,,,C192,,E192,,G192,,I192,,K192,,,,,"$17,726,880"
Sam Merrill,CLE,2020,"$8,482,144",,"$9,160,715",,"$9,839,285",,"$10,517,856",,,,C193,,E193,,G193,,I193,,K193,,,,,"$38,000,000"
Jaylin Williams,OKC,2022,"$8,450,704",,"$7,774,648",,"$7,774,648",Team,,,,,C194,,E194,,G194,,I194,,K194,,,,,"$16,225,352"
Shaedon Sharpe,POR,2022,"$8,399,983",Team,"$20,089,287",,"$21,696,429",,"$23,303,571",,"$24,910,713",,C195,,E195,,G195,,I195,,K195,,,,,"$98,399,983"
Kelly Oubre Jr.,PHI,2015,"$8,382,150",Player,,,,,,,,,C196,,E196,,G196,,I196,,K196,,,,,"$8,382,150"
Goga Bitadze,ORL,2019,"$8,333,333",,"$7,608,696",,,,,,,,C197,,E197,,G197,,I197,,K197,,,,,"$15,942,029"
Simone Fontecchio,MIA,2022,"$8,307,692",,,,,,,,,,C198,,E198,,G198,,I198,,K198,,,,,"$8,307,692"
Tre Johnson,WAS,2025,"$8,237,640",,"$8,649,600",,"$9,061,680",Team,"$11,490,211",Team,,,C199,,E199,,G199,,I199,,K199,,,,,"$16,887,240"
Georges Niang,MEM,2016,"$8,200,000",,,,,,,,,,C200,,E200,,G200,,I200,,K200,,,,,"$8,200,000"
Zeke Nnaji,DEN,2020,"$8,177,778",,"$7,466,667",,"$7,466,667",Player,,,,,C201,,E201,,G201,,I201,,K201,,,,,"$15,644,445"
Deandre Ayton,LAL,2018,"$33,654,814",,"$8,104,000",Player,,,,,,,C202,,E202,,G202,,I202,,K202,,,,,"$8,104,000"
Tre Mann,CHO,2021,"$8,000,000",,"$8,000,000",,"$8,000,000",Team,,,,,C203,,E203,,G203,,I203,,K203,,,,,"$16,000,000"
Tre Jones,CHI,2020,"$8,000,000",,"$8,000,000",,"$8,000,000",Team,,,,,C204,,E204,,G204,,I204,,K204,,,,,"$16,000,000"
Kevon Looney,NOP,2015,"$8,000,000",,"$8,000,000",Team,,,,,,,C205,,E205,,G205,,I205,,K205,,,,,"$8,000,000"
Anthony Black,ORL,2023,"$7,970,280",Team,"$10,106,316",Team,,,,,,,C206,,E206,,G206,,I206,,K206,,,,,"$18,076,596"
Tidjane Salaün,CHO,2024,"$7,863,240",,"$8,237,880",Team,"$10,445,633",Team,,,,,C207,,E207,,G207,,I207,,K207,,,,,"$16,101,120"
Max Christie,DAL,2022,"$7,714,286",,"$8,285,714",,"$8,857,143",Player,,,,,C208,,E208,,G208,,I208,,K208,,,,,"$16,000,000"
Dyson Daniels,ATL,2022,"$7,707,709",Team,"$25,000,000",,"$25,000,000",,"$25,000,000",,"$25,000,000",,C209,,E209,,G209,,I209,,K209,,,,,"$107,707,709"
Isaiah Jackson,LAC,2021,"$7,600,000",,"$7,000,000",,"$6,400,000",,,,,,C210,,E210,,G210,,I210,,K210,,,,,"$21,000,000"
Jeremiah Fears,NOP,2025,"$7,520,040",,"$7,896,240",,"$8,271,960",Team,"$10,505,389",Team,,,C211,,E211,,G211,,I211,,K211,,,,,"$15,416,280"
Ayo Dosunmu,MIN,2021,"$7,518,518",,,,,,,,,,C212,,E212,,G212,,I212,,K212,,,,,"$7,518,518"
Bilal Coulibaly,WAS,2023,"$7,275,600",Team,"$9,240,012",Team,,,,,,,C213,,E213,,G213,,I213,,K213,,,,,"$16,515,612"
Payton Pritchard,BOS,2020,"$7,232,143",,"$7,767,857",,"$8,303,571",,,,,,C214,,E214,,G214,,I214,,K214,,,,,"$23,303,571"
Donovan Clingan,POR,2024,"$7,178,400",,"$7,519,920",Team,"$9,550,298",Team,,,,,C215,,E215,,G215,,I215,,K215,,,,,"$14,698,320"
Kenrich Williams,OKC,2018,"$7,163,000",,"$7,163,000",Team,,,,,,,C216,,E216,,G216,,I216,,K216,,,,,"$7,163,000"
Jeremy Sochan,SAS,2022,"$7,874,853",Team,,,,,,,,,C217,,E217,,G217,,I217,,K217,,,,,"$7,096,231"
Tyus Jones,DAL,2015,"$7,000,000",,,,,,,,,,C218,,E218,,G218,,I218,,K218,,,,,"$7,000,000"
Egor Dёmin,BRK,2025,"$6,889,200",,"$7,233,720",,"$7,578,240",Team,"$9,639,522",Team,,,C219,,E219,,G219,,I219,,K219,,,,,"$14,122,920"
Jevon Carter,CHI,2018,"$7,680,524",Player,,,,,,,,,C220,,E220,,G220,,I220,,K220,,,,,"$6,809,524"
Clint Capela,HOU,2014,"$6,700,000",,"$7,035,000",,"$7,370,000",,,,,,C221,,E221,,G221,,I221,,K221,,,,,"$21,105,000"
Ousmane Dieng,MIL,2022,"$6,670,882",Team,,,,,,,,,C222,,E222,,G222,,I222,,K222,,,,,"$6,670,882"
Jarace Walker,IND,2023,"$6,665,520",Team,"$8,478,542",Team,,,,,,,C223,,E223,,G223,,I223,,K223,,,,,"$15,144,062"
Dean Wade,CLE,2019,"$6,623,456",,,,,,,,,,C224,,E224,,G224,,I224,,K224,,,,,
Jalen Williams,OKC,2022,"$6,580,997",Team,"$41,500,000",,"$44,820,000",,"$48,140,000",,"$51,460,000",,C225,,E225,,G225,,I225,,K225,,,,,"$247,280,997"
Rob Dillingham,CHI,2024,"$6,576,120",,"$6,889,320",Team,"$8,763,216",Team,,,,,C226,,E226,,G226,,I226,,K226,,,,,"$13,465,440"
Jalen Duren,DET,2022,"$6,483,144",Team,,,,,,,,,C227,,E227,,G227,,I227,,K227,,,,,"$6,483,144"
Ochai Agbaji,BRK,2022,"$6,383,525",Team,,,,,,,,,C228,,E228,,G228,,I228,,K228,,,,,"$6,383,525"
Collin Murray-Boyles,TOR,2025,"$6,332,520",,"$6,649,560",,"$6,966,000",Team,"$8,874,684",Team,,,C229,,E229,,G229,,I229,,K229,,,,,"$12,982,080"
Mark Williams,PHO,2022,"$6,276,531",Team,,,,,,,,,C230,,E230,,G230,,I230,,K230,,,,,"$6,276,531"
Day'Ron Sharpe,BRK,2021,"$6,250,000",,"$6,250,000",Team,,,,,,,C231,,E231,,G231,,I231,,K231,,,,,"$6,250,000"
Ziaire Williams,BRK,2021,"$6,250,000",,"$6,250,000",Team,,,,,,,C232,,E232,,G232,,I232,,K232,,,,,"$6,250,000"
John Konchar,UTA,2019,"$6,165,000",,"$6,165,000",,,,,,,,C233,,E233,,G233,,I233,,K233,,,,,"$12,330,000"
Taylor Hendricks,MEM,2023,"$6,127,080",Team,"$7,805,900",Team,,,,,,,C234,,E234,,G234,,I234,,K234,,,,,"$13,932,980"
Saddiq Bey,NOP,2020,"$6,118,644",,"$6,440,678",,,,,,,,C235,,E235,,G235,,I235,,K235,,,,,"$12,559,322"
Zach Edey,MEM,2024,"$6,045,000",,"$6,332,760",Team,"$8,067,937",Team,,,,,C236,,E236,,G236,,I236,,K236,,,,,"$12,377,760"
Khaman Maluach,PHO,2025,"$6,016,080",,"$6,316,680",,"$6,617,160",Team,"$8,436,880",Team,,,C237,,E237,,G237,,I237,,K237,,,,,"$12,332,760"
Jaden Hardy,WAS,2022,"$6,000,000",,"$6,000,000",,"$6,000,000",Team,,,,,C238,,E238,,G238,,I238,,K238,,,,,"$12,000,000"
Jake LaRavia,LAL,2022,"$6,000,000",,"$6,000,000",,,,,,,,C239,,E239,,G239,,I239,,K239,,,,,"$12,000,000"
Cam Thomas,BRK,2021,"$6,837,779",,,,,,,,,,C240,,E240,,G240,,I240,,K240,,,,,"$5,993,172"
Cason Wallace,OKC,2023,"$5,820,240",Team,"$7,420,806",Team,,,,,,,C241,,E241,,G241,,I241,,K241,,,,,"$13,241,046"
Cody Williams,UTA,2024,"$5,742,480",,"$6,015,600",Team,"$7,669,890",Team,,,,,C242,,E242,,G242,,I242,,K242,,,,,"$11,758,080"
Cedric Coward,MEM,2025,"$5,715,120",,"$6,001,080",,"$6,286,920",Team,"$8,342,743",Team,,,C243,,E243,,G243,,I243,,K243,,,,,"$11,716,200"
D'Angelo Russell,WAS,2015,"$5,685,000",,"$5,969,250",Player,,,,,,,C244,,E244,,G244,,I244,,K244,,,,,"$5,685,000"
Al Horford,GSW,2007,"$5,685,000",,"$5,969,250",Player,,,,,,,C245,,E245,,G245,,I245,,K245,,,,,"$5,685,000"
Tari Eason,HOU,2022,"$5,675,766",Team,,,,,,,,,C246,,E246,,G246,,I246,,K246,,,,,"$5,675,766"
Haywood Highsmith,BRK,2018,"$6,443,984",,"$3,018,158",,,,,,,,C247,,E247,,G247,,I247,,K247,,,,,"$5,616,000"
Nicolas Batum,LAC,2008,"$5,601,600",,"$5,881,680",Team,,,,,,,C248,,E248,,G248,,I248,,K248,,,,,"$5,601,600"
Jett Howard,ORL,2023,"$5,529,720",Team,"$7,337,939",Team,,,,,,,C249,,E249,,G249,,I249,,K249,,,,,"$5,529,720"
Guerschon Yabusele,CHI,2016,"$5,500,000",,,,,,,,,,C250,,E250,,G250,,I250,,K250,,,,,"$5,500,000"
Matas Buzelis,CHI,2024,"$5,455,560",,"$5,715,360",Team,"$7,584,283",Team,,,,,C251,,E251,,G251,,I251,,K251,,,,,"$11,170,920"
Noa Essengue,CHI,2025,"$5,429,520",,"$5,701,200",,"$5,972,760",Team,"$8,230,464",Team,,,C252,,E252,,G252,,I252,,K252,,,,,"$11,130,720"
Kris Dunn,LAC,2016,"$5,426,400",,"$5,684,800",,,,,,,,C253,,E253,,G253,,I253,,K253,,,,,"$5,426,400"
Dario Šarić,DET,2014,"$5,426,400",Player,,,,,,,,,C254,,E254,,G254,,I254,,K254,,,,,"$5,426,400"
Dalen Terry,NOP,2022,"$5,399,118",Team,,,,,,,,,C255,,E255,,G255,,I255,,K255,,,,,"$5,399,118"
Bradley Beal,LAC,2012,"$24,737,010",,"$25,004,710",Player,"$19,383,010",,"$19,383,010",,"$19,383,010",,C256,,E256,,G256,,I256,,K256,,,,,"$5,354,000"
Paul Reed,DET,2020,"$5,335,894",,"$5,602,689",,,,,,,,C257,,E257,,G257,,I257,,K257,,,,,"$5,335,894"
Dereck Lively II,DAL,2023,"$5,253,360",Team,"$7,239,131",Team,,,,,,,C258,,E258,,G258,,I258,,K258,,,,,"$12,492,491"
Nikola Topić,OKC,2024,"$5,182,920",,"$5,429,760",Team,"$7,482,210",Team,,,,,C259,,E259,,G259,,I259,,K259,,,,,"$10,612,680"
Derik Queen,NOP,2025,"$5,157,960",,"$5,416,080",,"$5,673,840",Team,"$8,107,918",Team,,,C260,,E260,,G260,,I260,,K260,,,,,"$10,574,040"
Kevin Porter Jr.,MIL,2019,"$5,134,000",,"$5,390,700",Player,,,,,,,C261,,E261,,G261,,I261,,K261,,,,,"$5,134,000"
Marcus Smart,LAL,2014,"$19,920,855",,"$5,390,700",Player,,,,,,,C262,,E262,,G262,,I262,,K262,,,,,"$5,134,000"
Andre Drummond,PHI,2012,"$5,000,000",Player,,,,,,,,,C263,,E263,,G263,,I263,,K263,,,,,"$5,000,000"
Moritz Wagner,ORL,2018,"$5,000,000",,,,,,,,,,C264,,E264,,G264,,I264,,K264,,,,,"$5,000,000"
Nick Richards,CHI,2020,"$5,000,000",,,,,,,,,,C265,,E265,,G265,,I265,,K265,,,,,
Gradey Dick,TOR,2023,"$4,990,560",Team,"$7,131,511",Team,,,,,,,C266,,E266,,G266,,I266,,K266,,,,,"$12,122,071"
Malaki Branham,CHO,2022,"$4,962,033",Team,,,,,,,,,C267,,E267,,G267,,I267,,K267,,,,,"$4,962,033"
Devin Carter,SAC,2024,"$4,923,720",,"$5,158,080",Team,"$7,370,897",Team,,,,,C268,,E268,,G268,,I268,,K268,,,,,"$10,081,800"
Christian Braun,DEN,2022,"$4,921,797",Team,"$21,551,726",,"$23,275,863",,"$25,000,000",,"$26,724,137",,C269,,E269,,G269,,I269,,K269,,,,,"$129,921,797"
Carter Bryant,SAS,2025,"$4,900,320",,"$5,145,360",,"$5,390,640",Team,"$7,983,539",Team,,,C270,,E270,,G270,,I270,,K270,,,,,"$10,045,680"
Walker Kessler,UTA,2022,"$4,878,938",Team,,,,,,,,,C271,,E271,,G271,,I271,,K271,,,,,"$4,878,938"
Jordan Hawkins,NOP,2023,"$4,741,320",Team,"$7,021,895",Team,,,,,,,C272,,E272,,G272,,I272,,K272,,,,,"$11,763,215"
Bub Carrington,WAS,2024,"$4,677,600",,"$4,900,560",Team,"$7,257,730",Team,,,,,C273,,E273,,G273,,I273,,K273,,,,,"$9,578,160"
Thomas Sorber,OKC,2025,"$4,655,040",,"$4,887,720",,"$5,120,400",Team,"$7,849,573",Team,,,C274,,E274,,G274,,I274,,K274,,,,,"$9,542,760"
Kobe Bufkin,BRK,2023,"$5,480,297",Team,,,,,,,,,C275,,E275,,G275,,I275,,K275,,,,,"$4,503,720"
Jose Alvarado,NYK,2021,"$4,500,000",,"$4,500,000",Player,,,,,,,C276,,E276,,G276,,I276,,K276,,,,,"$4,500,000"
Nikola Jović,MIA,2022,"$4,445,417",Team,"$16,200,000",,"$14,904,000",,"$15,096,000",,"$16,200,000",,C277,,E277,,G277,,I277,,K277,,,,,"$66,845,417"
Kel'el Ware,MIA,2024,"$4,443,360",,"$4,654,920",Team,"$7,135,992",Team,,,,,C278,,E278,,G278,,I278,,K278,,,,,"$9,098,280"
Yang Hansen,POR,2025,"$4,422,360",,"$4,643,520",,"$4,864,920",Team,"$7,462,788",Team,,,C279,,E279,,G279,,I279,,K279,,,,,"$9,065,880"
Peyton Watson,DEN,2022,"$4,356,476",Team,,,,,,,,,C280,,E280,,G280,,I280,,K280,,,,,"$4,356,476"
Miles McBride,NYK,2021,"$4,333,333",,"$3,956,523",,,,,,,,C281,,E281,,G281,,I281,,K281,,,,,"$8,289,856"
Keyonte George,UTA,2023,"$4,278,960",Team,"$6,563,925",Team,,,,,,,C282,,E282,,G282,,I282,,K282,,,,,"$10,842,885"
Jared McCain,OKC,2024,"$4,221,360",,"$4,422,600",Team,"$6,784,268",Team,,,,,C283,,E283,,G283,,I283,,K283,,,,,"$8,643,960"
Joan Beringer,MIN,2025,"$4,201,080",,"$4,411,200",,"$4,621,200",Team,"$7,098,163",Team,,,C284,,E284,,G284,,I284,,K284,,,,,"$8,612,280"
Kevin Love,UTA,2008,"$4,150,000",,,,,,,,,,C285,,E285,,G285,,I285,,K285,,,,,"$4,150,000"
Dalton Knecht,LAL,2024,"$4,010,160",,"$4,201,080",Team,"$6,452,860",Team,,,,,C286,,E286,,G286,,I286,,K286,,,,,"$8,211,240"
Ryan Rollins,MIL,2022,"$4,000,000",,"$4,000,000",,"$4,000,000",Player,,,,,C287,,E287,,G287,,I287,,K287,,,,,"$8,000,000"
Dwight Powell,DAL,2014,"$4,000,000",Player,,,,,,,,,C288,,E288,,G288,,I288,,K288,,,,,"$4,000,000"
Walter Clayton,MEM,2025,"$3,991,320",,"$4,190,520",,"$4,390,320",Team,"$6,752,312",Team,,,C289,,E289,,G289,,I289,,K289,,,,,"$8,181,840"
Jaime Jaquez Jr.,MIA,2023,"$3,861,600",Team,"$5,939,141",Team,,,,,,,C290,,E290,,G290,,I290,,K290,,,,,"$9,800,741"
Nolan Traoré,BRK,2025,"$3,811,560",,"$4,002,000",,"$4,193,040",Team,"$6,457,282",Team,,,C291,,E291,,G291,,I291,,K291,,,,,"$7,813,560"
Daniss Jenkins,DET,2024,"$3,809,524",,"$4,000,000",Team,,,,,,,C292,,E292,,G292,,I292,,K292,,,,,"$3,809,524"
Tristan Da Silva,ORL,2024,"$3,809,520",,"$3,991,200",Team,"$6,138,466",Team,,,,,C293,,E293,,G293,,I293,,K293,,,,,"$7,800,720"
Cole Anthony,MEM,2020,"$5,996,274",,"$3,700,000",,"$3,700,000",,,,,,C294,,E294,,G294,,I294,,K294,,,,,"$11,100,000"
Gary Trent Jr.,MIL,2018,"$3,697,105",,"$3,881,960",Player,,,,,,,C295,,E295,,G295,,I295,,K295,,,,,"$3,697,105"
Brandin Podziemski,GSW,2023,"$3,687,960",Team,"$5,679,459",Team,,,,,,,C296,,E296,,G296,,I296,,K296,,,,,"$9,367,419"
Svi Mykhailiuk,UTA,2018,"$3,675,000",,"$3,850,000",,"$4,025,000",Team,,,,,C297,,E297,,G297,,I297,,K297,,,,,
Kasparas Jakučionis,MIA,2025,"$3,658,800",,"$3,841,680",,"$4,024,440",Team,"$6,205,687",Team,,,C298,,E298,,G298,,I298,,K298,,,,,"$7,500,480"
Ja'Kobe Walter,TOR,2024,"$3,638,160",,"$3,811,800",Team,"$5,870,172",Team,,,,,C299,,E299,,G299,,I299,,K299,,,,,"$7,449,960"
Gary Harris,MIL,2014,"$3,634,153",,"$3,815,861",Player,,,,,,,C300,,E300,,G300,,I300,,K300,,,,,"$3,634,153"
Cam Whitmore,WAS,2023,"$3,539,760",Team,"$5,458,310",Team,,,,,,,C301,,E301,,G301,,I301,,K301,,,,,"$8,998,070"
Will Riley,WAS,2025,"$3,512,520",,"$3,688,320",,"$3,864,000",Team,"$6,155,352",Team,,,C302,,E302,,G302,,I302,,K302,,,,,"$7,200,840"
Jaylon Tyson,CLE,2024,"$3,492,480",,"$3,658,560",Team,"$5,641,500",Team,,,,,C303,,E303,,G303,,I303,,K303,,,,,"$7,151,040"
Jaxson Hayes,LAL,2019,"$3,449,323",,,,,,,,,,C304,,E304,,G304,,I304,,K304,,,,,"$3,449,323"
Dominick Barlow,PHI,2022,"$3,415,000",,"$3,415,000",Team,,,,,,,C305,,E305,,G305,,I305,,K305,,,,,"$3,415,000"
Noah Clowney,BRK,2023,"$3,398,640",Team,"$5,414,034",Team,,,,,,,C306,,E306,,G306,,I306,,K306,,,,,"$8,812,674"
Drake Powell,BRK,2025,"$3,372,240",,"$3,540,600",,"$3,709,320",Team,"$6,101,832",Team,,,C307,,E307,,G307,,I307,,K307,,,,,"$6,912,840"
Yves Missi,NOP,2024,"$3,353,040",,"$3,512,760",Team,"$5,595,827",Team,,,,,C308,,E308,,G308,,I308,,K308,,,,,"$6,865,800"
Blake Wesley,WAS,2022,"$5,643,732",Team,,,,,,,,,C309,,E309,,G309,,I309,,K309,,,,,"$3,347,458"
Taurean Prince,MIL,2016,"$3,303,774",,"$3,815,861",Player,,,,,,,C310,,E310,,G310,,I310,,K310,,,,,"$3,303,774"
Dariq Whitehead,BRK,2023,"$3,262,560",Team,,,,,,,,,C311,,E311,,G311,,I311,,K311,,,,,"$3,262,560"
Asa Newell,ATL,2025,"$3,237,480",,"$3,399,480",,"$3,560,880",Team,"$6,042,814",Team,,,C312,,E312,,G312,,I312,,K312,,,,,"$6,636,960"
DaRon Holmes,DEN,2024,"$3,218,760",,"$3,372,120",Team,"$5,547,138",Team,,,,,C313,,E313,,G313,,I313,,K313,,,,,"$6,590,880"
Kris Murray,POR,2023,"$3,132,000",Team,"$5,315,004",Team,,,,,,,C314,,E314,,G314,,I314,,K314,,,,,"$8,447,004"
Nique Clifford,SAC,2025,"$3,108,120",,"$3,263,400",,"$3,418,800",Team,"$5,979,481",Team,,,C315,,E315,,G315,,I315,,K315,,,,,"$6,371,520"
Nassir Little,PHO,2019,"$3,107,143",,"$3,107,143",,"$3,107,143",,"$3,107,143",,,,C316,,E316,,G316,,I316,,K316,,,,,"$12,428,572"
AJ Johnson,DAL,2024,"$3,090,480",,"$3,237,120",Team,"$5,493,394",Team,,,,,C317,,E317,,G317,,I317,,K317,,,,,"$6,327,600"
De'Anthony Melton,GSW,2018,"$3,080,921",,"$3,451,779",Player,,,,,,,C318,,E318,,G318,,I318,,K318,,,,,"$3,080,921"
Kyle Filipowski,UTA,2024,"$3,000,000",,"$3,000,000",,"$3,000,000",Team,,,,,C319,,E319,,G319,,I319,,K319,,,,,"$3,000,000"
Ajay Mitchell,OKC,2024,"$3,000,000",,"$2,850,000",,"$2,850,000",Team,,,,,C320,,E320,,G320,,I320,,K320,,,,,"$3,000,000"
Julian Champagnie,SAS,2022,"$3,000,000",,"$3,000,000",Team,,,,,,,C321,,E321,,G321,,I321,,K321,,,,,
Jase Richardson,ORL,2025,"$2,983,320",,"$3,132,360",,"$3,282,000",Team,"$5,910,882",Team,,,C322,,E322,,G322,,I322,,K322,,,,,"$6,115,680"
Kyshawn George,WAS,2024,"$2,966,760",,"$3,108,000",Team,"$5,435,892",Team,,,,,C323,,E323,,G323,,I323,,K323,,,,,"$6,074,760"
Tony Bradley,IND,2017,"$3,204,816",Team,,,,,,,,,C324,,E324,,G324,,I324,,K324,,,,,"$3,204,816"
Marcus Sasser,DET,2023,"$2,886,720",Team,"$5,198,983",Team,,,,,,,C325,,E325,,G325,,I325,,K325,,,,,"$8,085,703"
Ben Saraf,BRK,2025,"$2,884,560",,"$3,028,560",,"$3,172,920",Team,"$5,720,776",Team,,,C326,,E326,,G326,,I326,,K326,,,,,"$5,913,120"
Pacôme Dadiet,NYK,2024,"$2,847,600",,"$2,983,680",Team,"$5,373,608",Team,,,,,C327,,E327,,G327,,I327,,K327,,,,,"$5,831,280"
Danny Wolf,BRK,2025,"$2,801,280",,"$2,941,440",,"$3,081,840",Team,"$5,559,640",Team,,,C328,,E328,,G328,,I328,,K328,,,,,"$5,742,720"
Ben Sheppard,IND,2023,"$2,790,720",Team,"$5,031,669",Team,,,,,,,C329,,E329,,G329,,I329,,K329,,,,,"$7,822,389"
Hugo González,BOS,2025,"$2,783,880",,"$2,923,560",,"$3,062,640",Team,"$5,528,065",Team,,,C330,,E330,,G330,,I330,,K330,,,,,"$5,707,440"
Liam McNeeley,CHO,2025,"$2,763,960",,"$2,902,080",,"$3,040,320",Team,"$5,487,778",Team,,,C331,,E331,,G331,,I331,,K331,,,,,"$5,666,040"
Dillon Jones,WAS,2024,"$2,753,280",,,,,,,,,,C332,,E332,,G332,,I332,,K332,,,,,"$2,753,280"
Yanic Konan Niederhäuser,LAC,2025,"$2,743,800",,"$2,880,960",,"$3,018,480",Team,"$5,448,356",Team,,,C333,,E333,,G333,,I333,,K333,,,,,"$5,624,760"
Nick Smith Jr.,CHO,2023,"$2,710,680",Team,,,,,,,,,C334,,E334,,G334,,I334,,K334,,,,,"$2,710,680"
Brice Sensabaugh,UTA,2023,"$2,693,760",Team,"$4,862,237",Team,,,,,,,C335,,E335,,G335,,I335,,K335,,,,,"$7,555,997"
Julian Strawther,DEN,2023,"$2,674,200",Team,"$4,826,931",Team,,,,,,,C336,,E336,,G336,,I336,,K336,,,,,"$7,501,131"
Terrence Shannon Jr.,MIN,2024,"$2,674,080",,"$2,801,640",Team,"$5,054,159",Team,,,,,C337,,E337,,G337,,I337,,K337,,,,,"$5,475,720"
Ryan Dunn,PHO,2024,"$2,657,760",,"$2,784,240",Team,"$5,025,553",Team,,,,,C338,,E338,,G338,,I338,,K338,,,,,"$5,442,000"
Kobe Brown,IND,2023,"$2,654,880",Team,"$4,792,059",Team,,,,,,,C339,,E339,,G339,,I339,,K339,,,,,"$2,654,880"
Isaiah Collier,UTA,2024,"$2,638,200",,"$2,763,960",Team,"$4,988,948",Team,,,,,C340,,E340,,G340,,I340,,K340,,,,,"$5,402,160"
Baylor Scheierman,BOS,2024,"$2,619,000",,"$2,744,040",Team,"$4,952,993",Team,,,,,C341,,E341,,G341,,I341,,K341,,,,,"$5,363,040"
Xavier Tillman Sr.,CHO,2020,"$2,546,675",,,,,,,,,,C342,,E342,,G342,,I342,,K342,,,,,"$2,546,675"
Cam Spencer,MEM,2024,"$2,537,989",,"$2,411,090",,"$2,616,754",,"$2,830,685",Team,,,C343,,E343,,G343,,I343,,K343,,,,,"$7,565,833"
Luka Garza,BOS,2021,"$2,461,463",,"$2,801,346",,,,,,,,C344,,E344,,G344,,I344,,K344,,,,,"$5,262,809"
Sandro Mamukelashvili,TOR,2021,"$2,461,463",,"$2,801,346",Player,,,,,,,C345,,E345,,G345,,I345,,K345,,,,,"$2,461,463"
Trendon Watford,PHI,2021,"$2,461,463",,"$2,801,346",Team,,,,,,,C346,,E346,,G346,,I346,,K346,,,,,"$2,461,463"
Jericho Sims,MIL,2021,"$2,461,463",,"$2,801,346",Player,,,,,,,C347,,E347,,G347,,I347,,K347,,,,,"$2,461,463"
Dru Smith,MIA,2021,"$2,378,870",,"$2,584,539",,"$2,934,742",Team,,,,,C348,,E348,,G348,,I348,,K348,,,,,"$2,378,870"
Josh Minott,BRK,2022,"$2,378,870",,"$2,584,539",Team,,,,,,,C349,,E349,,G349,,I349,,K349,,,,,"$2,378,870"
Justin Champagnie,WAS,2021,"$2,349,578",,"$2,667,944",,"$3,005,085",Team,,,,,C350,,E350,,G350,,I350,,K350,,,,,"$5,017,522"
Jordan Goodwin,PHO,2021,"$2,349,578",Team,,,,,,,,,C351,,E351,,G351,,I351,,K351,,,,,"$2,349,578"
Jay Huff,IND,2021,"$2,349,578",,"$2,667,944",,"$3,005,085",,,,,,C352,,E352,,G352,,I352,,K352,,,,,"$2,349,578"
Keon Johnson,BRK,2021,"$2,349,578",,,,,,,,,,C353,,E353,,G353,,I353,,K353,,,,,"$2,349,578"
Vít Krejčí,POR,2020,"$2,349,578",,"$2,667,944",,"$3,005,085",Team,,,,,C354,,E354,,G354,,I354,,K354,,,,,
Neemias Queta,BOS,2021,"$2,349,578",,"$2,667,944",Team,,,,,,,C355,,E355,,G355,,I355,,K355,,,,,
A.J. Green,MIL,2022,"$2,301,587",,"$10,044,644",,"$10,848,215",,"$11,651,786",,"$12,455,355",,C356,,E356,,G356,,I356,,K356,,,,,"$47,301,587"
Vince Williams Jr.,UTA,2022,"$2,301,587",,,,,,,,,,C357,,E357,,G357,,I357,,K357,,,,,"$2,301,587"
Keon Ellis,CLE,2022,"$2,301,587",Team,,,,#ERROR!,,,,,C358,,E358,,G358,,I358,,K358,,,,,"$2,301,587"
Ryan Kalkbrenner,CHO,2025,"$2,296,274",,"$2,411,090",,"$2,525,901",,"$2,735,698",Team,,,C359,,E359,,G359,,I359,,K359,,,,,"$4,707,364"
Sion James,CHO,2025,"$2,296,274",,"$2,411,090",,"$2,525,901",,"$2,735,698",Team,,,C360,,E360,,G360,,I360,,K360,,,,,"$4,707,364"
Danté Exum,WAS,2014,"$2,296,274",,,,,,,,,,C361,,E361,,G361,,I361,,K361,,,,,"$2,296,274"
Anthony Gill,WAS,2020,"$2,296,274",,,,,,,,,,C362,,E362,,G362,,I362,,K362,,,,,"$2,296,274"
Chris Boucher,UTA,2017,"$2,296,274",,,,,,,,,,C363,,E363,,G363,,I363,,K363,,,,,"$2,296,274"
Chris Paul,TOR,2005,"$2,296,274",,,,,,,,,,C364,,E364,,G364,,I364,,K364,,,,,"$2,296,274"
Garrett Temple,TOR,2009,"$2,296,274",,,,,,,,,,C365,,E365,,G365,,I365,,K365,,,,,"$2,296,274"
Bismack Biyombo,SAS,2011,"$2,296,274",,,,,,,,,,C366,,E366,,G366,,I366,,K366,,,,,"$2,296,274"
Lindy Waters III,SAS,2021,"$2,296,274",,,,,,,,,,C367,,E367,,G367,,I367,,K367,,,,,"$2,296,274"
Jordan McLaughlin,SAS,2019,"$2,296,274",,,,,,,,,,C368,,E368,,G368,,I368,,K368,,,,,"$2,296,274"
Russell Westbrook,SAC,2008,"$2,296,274",,,,,,,,,,C369,,E369,,G369,,I369,,K369,,,,,"$2,296,274"
Doug McDermott,SAC,2014,"$2,296,274",,,,,,,,,,C370,,E370,,G370,,I370,,K370,,,,,"$2,296,274"
Drew Eubanks,SAC,2018,"$2,296,274",,,,,,,,,,C371,,E371,,G371,,I371,,K371,,,,,"$2,296,274"
Blake Wesley,POR,2022,"$5,643,732",Team,,,,,,,,,C372,,E372,,G372,,I372,,K372,,,,,"$2,296,274"
Cole Anthony,PHO,2020,"$5,996,274",,"$3,700,000",,"$3,700,000",,,,,,C373,,E373,,G373,,I373,,K373,,,,,"$2,296,274"
Amir Coffey,PHO,2019,"$2,296,274",,,,,,,,,,C374,,E374,,G374,,I374,,K374,,,,,"$2,296,274"
Collin Gillespie,PHO,2023,"$2,296,274",,,,,,,,,,C375,,E375,,G375,,I375,,K375,,,,,"$2,296,274"
Kyle Lowry,PHI,2006,"$2,296,274",,,,,,,,,,C376,,E376,,G376,,I376,,K376,,,,,"$2,296,274"
Mason Plumlee,OKC,2013,"$3,022,108",,,,,,,,,,C377,,E377,,G377,,I377,,K377,,,,,"$2,296,274"
Landry Shamet,NYK,2018,"$2,296,274",,,,,,,,,,C378,,E378,,G378,,I378,,K378,,,,,"$2,296,274"
Jordan Clarkson,NYK,2014,"$12,947,835",,,,,,,,,,C379,,E379,,G379,,I379,,K379,,,,,"$2,296,274"
Bones Hyland,MIN,2021,"$2,296,274",,,,,,,,,,C380,,E380,,G380,,I380,,K380,,,,,"$2,296,274"
Joe Ingles,MIN,2014,"$2,296,274",,,,,,,,,,C381,,E381,,G381,,I381,,K381,,,,,"$2,296,274"
Chris Livingston,MIL,2023,,,,,,,,,,,C382,,E382,,G382,,I382,,K382,,,,,"$2,296,274"
Thanasis Antetokounmpo,MIL,2014,"$2,296,274",,,,,,,,,,C383,,E383,,G383,,I383,,K383,,,,,"$2,296,274"
Eric Gordon,MEM,2008,"$2,296,274",,,,,,,,,,C384,,E384,,G384,,I384,,K384,,,,,"$2,296,274"
Josh Okogie,HOU,2018,"$2,296,274",,,,,,,,,,C385,,E385,,G385,,I385,,K385,,,,,"$2,296,274"
Jeff Green,HOU,2007,"$2,296,274",,,,,,,,,,C386,,E386,,G386,,I386,,K386,,,,,"$2,296,274"
Aaron Holiday,HOU,2018,"$2,296,274",,,,,,,,,,C387,,E387,,G387,,I387,,K387,,,,,"$2,296,274"
Jae'Sean Tate,HOU,2020,"$2,296,274",,,,,,,,,,C388,,E388,,G388,,I388,,K388,,,,,"$2,296,274"
Gary Payton II,GSW,2016,"$2,296,274",,,,,,,,,,C389,,E389,,G389,,I389,,K389,,,,,"$2,296,274"
Javonte Green,DET,2019,"$2,296,274",,,,,,,,,,C390,,E390,,G390,,I390,,K390,,,,,"$2,296,274"
Tim Hardaway Jr.,DEN,2013,"$2,296,274",,,,,,,,,,C391,,E391,,G391,,I391,,K391,,,,,"$2,296,274"
Bruce Brown,DEN,2018,"$2,296,274",,,,,,,,,,C392,,E392,,G392,,I392,,K392,,,,,"$2,296,274"
Marvin Bagley III,DAL,2018,"$2,296,274",,,,,,,,,,C393,,E393,,G393,,I393,,K393,,,,,"$2,296,274"
Thomas Bryant,CLE,2017,"$2,296,274",,,,,,,,,,C394,,E394,,G394,,I394,,K394,,,,,"$2,296,274"
Larry Nance Jr.,CLE,2015,"$2,296,274",,,,,,,,,,C395,,E395,,G395,,I395,,K395,,,,,"$2,296,274"
Keaton Wallace,ATL,2024,"$2,296,274",,,,,,,,,,C396,,E396,,G396,,I396,,K396,,,,,"$2,296,274"
Jock Landale,ATL,2021,"$2,296,274",,,,,,,,,,C397,,E397,,G397,,I397,,K397,,,,,"$2,296,274"
Scotty Pippen Jr.,MEM,2022,"$2,270,735",,"$2,461,462",,"$2,789,215",,,,,,C398,,E398,,G398,,I398,,K398,,,,,"$2,270,735"
JD Davison,BOS,2022,"$2,270,735",Team,,,,,,,,,C399,,E399,,G399,,I399,,K399,,,,,"$2,270,735"
Brandon Williams,DAL,2021,"$2,270,735",,,,,,,,,,C400,,E400,,G400,,I400,,K400,,,,,
Moussa Diabaté,CHO,2022,"$2,270,735",,"$2,461,462",,,,,,,,C401,,E401,,G401,,I401,,K401,,,,,
DeAndre Jordan,NOP,2008,"$2,269,880",,,,,,,,,,C402,,E402,,G402,,I402,,K402,,,,,"$2,269,880"
Toumani Camara,POR,2023,"$2,221,677",,"$18,080,358",,"$19,526,786",,"$20,973,214",,"$22,419,642",,C403,,E403,,G403,,I403,,K403,,,,,"$83,221,677"
Rayan Rupert,POR,2023,"$2,353,647",Team,,,,,,,,,C404,,E404,,G404,,I404,,K404,,,,,"$2,221,677"
Julian Phillips,MIN,2023,"$2,221,677",,"$2,406,205",Team,,,,,,,C405,,E405,,G405,,I405,,K405,,,,,"$2,221,677"
GG Jackson II,MEM,2023,"$2,221,677",,"$2,406,205",Team,,,,,,,C406,,E406,,G406,,I406,,K406,,,,,"$2,221,677"
Gui Santos,GSW,2022,"$2,221,677",Team,,,,,,,,,C407,,E407,,G407,,I407,,K407,,,,,"$2,221,677"
Jalen Pickett,DEN,2023,"$2,221,677",,"$2,406,205",Team,,,,,,,C408,,E408,,G408,,I408,,K408,,,,,"$2,221,677"
Hunter Tyson,BRK,2023,"$2,221,677",,,,,,,,,,C409,,E409,,G409,,I409,,K409,,,,,"$2,221,677"
Jalen Wilson,BRK,2023,"$2,221,677",Team,,,,,,,,,C410,,E410,,G410,,I410,,K410,,,,,"$2,221,677"
Jordan Walsh,BOS,2023,"$2,221,677",,"$2,406,205",Team,,,,,,,C411,,E411,,G411,,I411,,K411,,,,,"$200,000"
Trayce Jackson-Davis,TOR,2023,"$2,221,677",,"$2,406,205",Team,,,,,,,C412,,E412,,G412,,I412,,K412,,,,,
Andre Jackson Jr.,MIL,2023,"$2,221,677",,"$2,406,205",Team,,,,,,,C413,,E413,,G413,,I413,,K413,,,,,
Craig Porter Jr.,CLE,2023,"$2,221,677",,"$2,406,205",Team,,,,,,,C414,,E414,,G414,,I414,,K414,,,,,
Leonard Miller,CHI,2023,"$2,221,677",,"$2,406,205",Team,,,,,,,C415,,E415,,G415,,I415,,K415,,,,,
Duop Reath,ATL,2023,"$2,221,677",,,,,,,,,,C416,,E416,,G416,,I416,,K416,,,,,
Mouhamed Gueye,ATL,2023,"$2,221,677",,"$2,406,205",Team,,,,,,,C417,,E417,,G417,,I417,,K417,,,,,
JaVale McGee,DAL,2008,"$2,208,856",,"$2,208,856",,"$2,208,856",,,,,,C418,,E418,,G418,,I418,,K418,,,,,"$6,626,568"
Tyler Kolek,NYK,2024,"$2,191,897",,"$2,296,271",,"$2,486,995",Team,,,,,C419,,E419,,G419,,I419,,K419,,,,,"$4,488,168"
Jaylen Clark,MIN,2023,"$2,191,897",,,,,,,,,,C420,,E420,,G420,,I420,,K420,,,,,"$2,191,897"
Tyrese Martin,BRK,2022,"$2,191,897",Team,,,,,,,,,C421,,E421,,G421,,I421,,K421,,,,,"$2,191,897"
Precious Achiuwa,SAC,2020,"$2,111,516",,,,,,,,,,C422,,E422,,G422,,I422,,K422,,,,,"$2,111,516"
Justin Edwards,PHI,2024,"$2,048,494",,"$2,411,090",,"$2,616,754",Team,,,,,C423,,E423,,G423,,I423,,K423,,,,,"$4,459,584"
Nigel Hayes-Davis,MIL,2017,"$2,048,494",,,,,,,,,,C424,,E424,,G424,,I424,,K424,,,,,"$2,048,494"
N'Faly Dante,ATL,2024,"$2,048,494",,,,,,,,,,C425,,E425,,G425,,I425,,K425,,,,,
Johnny Furphy,IND,2024,"$1,955,377",,"$2,296,271",,"$2,486,995",Team,,,,,C426,,E426,,G426,,I426,,K426,,,,,"$4,251,648"
Jonathan Mogbo,TOR,2024,"$1,955,377",,"$2,296,271",Team,,,,,,,C427,,E427,,G427,,I427,,K427,,,,,"$1,955,377"
Jamal Shead,TOR,2024,"$1,955,377",,"$2,296,271",Team,,,,,,,C428,,E428,,G428,,I428,,K428,,,,,"$1,955,377"
Oso Ighodaro,PHO,2024,"$1,955,377",,"$2,296,271",,"$2,486,995",Team,,,,,C429,,E429,,G429,,I429,,K429,,,,,"$1,955,377"
Ariel Hukporti,NYK,2024,"$1,955,377",Team,,,,,,,,,C430,,E430,,G430,,I430,,K430,,,,,"$1,955,377"
Karlo Matković,NOP,2022,"$1,955,377",,"$2,296,271",Team,,,,,,,C431,,E431,,G431,,I431,,K431,,,,,"$1,955,377"
Tyler Smith,MIL,2024,"$1,955,377",,,,,,,,,,C432,,E432,,G432,,I432,,K432,,,,,"$1,955,377"
Keshad Johnson,MIA,2024,"$1,955,377",Team,,,,,,,,,C433,,E433,,G433,,I433,,K433,,,,,"$1,955,377"
Jaylen Wells,MEM,2024,"$1,955,377",,"$2,296,271",,"$2,486,995",Team,,,,,C434,,E434,,G434,,I434,,K434,,,,,"$1,955,377"
Bronny James,LAL,2024,"$1,955,377",,"$2,296,271",,"$2,486,995",Team,,,,,C435,,E435,,G435,,I435,,K435,,,,,"$1,955,377"
Cam Christie,LAC,2024,"$1,955,377",,"$2,296,271",,"$2,486,995",Team,,,,,C436,,E436,,G436,,I436,,K436,,,,,"$1,955,377"
Quinten Post,GSW,2024,"$1,955,377",Team,,,,,,,,,C437,,E437,,G437,,I437,,K437,,,,,"$1,955,377"
Bobi Klintman,DET,2024,"$1,955,377",,,,,,,,,,C438,,E438,,G438,,I438,,K438,,,,,"$1,955,377"
Isaac Jones,DET,2024,"$1,955,377",Team,,,,,,,,,C439,,E439,,G439,,I439,,K439,,,,,"$1,955,377"
Drew Timme,BRK,2024,"$1,955,377",Team,,,,,,,,,C440,,E440,,G440,,I440,,K440,,,,,"$1,955,377"
Jamison Battle,TOR,2024,"$1,955,377",,"$2,296,271",,,,,,,,C441,,E441,,G441,,I441,,K441,,,,,
Adem Bona,PHI,2024,"$1,955,377",,"$2,296,271",,"$2,486,995",Team,,,,,C442,,E442,,G442,,I442,,K442,,,,,
Pelle Larsson,MIA,2024,"$1,955,377",,"$2,296,271",Team,,,,,,,C443,,E443,,G443,,I443,,K443,,,,,
Seth Curry,GSW,2013,"$1,755,198",,,,,,,,,,C444,,E444,,G444,,I444,,K444,,,,,"$1,755,198"
Micah Potter,IND,2021,"$1,527,805",,"$2,801,346",Team,,,,,,,C445,,E445,,G445,,I445,,K445,,,,,"$1,527,805"
Chaz Lanier,DET,2025,"$1,372,870",,"$2,150,917",,"$2,525,901",,"$2,735,698",Team,,,C446,,E446,,G446,,I446,,K446,,,,,"$3,523,787"
Pat Connaughton,CHO,2015,"$10,739,683",Player,"$3,815,861",,,,,,,,C447,,E447,,G447,,I447,,K447,,,,,"$10,739,683"
Rasheer Fleming,PHO,2025,"$1,272,870",,"$2,150,917",,"$2,525,901",,"$2,735,698",Team,,,C448,,E448,,G448,,I448,,K448,,,,,"$5,949,688"
Maxime Raynaud,SAC,2025,"$1,272,870",,"$2,150,917",,"$2,525,901",Team,,,,,C449,,E449,,G449,,I449,,K449,,,,,"$3,423,787"
Johni Broome,PHI,2025,"$1,272,870",,"$2,150,917",,"$2,525,901",,"$2,735,698",Team,,,C450,,E450,,G450,,I450,,K450,,,,,"$3,423,787"
Noah Penda,ORL,2025,"$1,272,870",,"$2,150,917",,"$2,525,901",,"$2,735,698",Team,,,C451,,E451,,G451,,I451,,K451,,,,,"$3,423,787"
Micah Peavy,NOP,2025,"$1,272,870",,"$2,150,917",,"$2,525,901",,"$2,735,698",Team,,,C452,,E452,,G452,,I452,,K452,,,,,"$3,423,787"
Adou Thiero,LAL,2025,"$1,272,870",,"$2,150,917",,"$2,525,901",Team,,,,,C453,,E453,,G453,,I453,,K453,,,,,"$3,423,787"
Will Richard,GSW,2025,"$1,272,870",,"$2,150,917",,"$2,525,901",,"$2,735,698",Team,,,C454,,E454,,G454,,I454,,K454,,,,,"$3,423,787"
Tyrese Proctor,CLE,2025,"$1,272,870",,"$2,150,917",,"$2,525,901",,"$2,735,698",Team,,,C455,,E455,,G455,,I455,,K455,,,,,"$3,423,787"
Mohamed Diawara,NYK,2025,"$1,272,870",,,,,,,,,,C456,,E456,,G456,,I456,,K456,,,,,"$1,272,870"
Kam Jones,IND,2025,"$1,272,870",,"$2,150,917",,"$2,525,901",,"$2,735,698",Team,,,C457,,E457,,G457,,I457,,K457,,,,,"$1,272,870"
Nikola Djurisic,ATL,2024,"$1,272,870",,,,,,,,,,C458,,E458,,G458,,I458,,K458,,,,,"$1,272,870"
Olivier-Maxence Prosper,DAL,2023,"$1,002,360",Team,"$1,002,360",Team,"$1,002,360",Team,,,,,C459,,E459,,G459,,I459,,K459,,,,,"$3,007,080"
James Wiseman,IND,2020,"$1,131,970",,,,,,,,,,C460,,E460,,G460,,I460,,K460,,,,,"$1,131,970"
Jevon Carter,ORL,2018,"$7,680,524",Player,,,,,,,,,C461,,E461,,G461,,I461,,K461,,,,,"$871,000"
Pat Spencer,GSW,2023,"$857,804",,,,,,,,,,C462,,E462,,G462,,I462,,K462,,,,,"$857,804"
Kobe Bufkin,LAL,2023,"$5,480,297",Team,,,,,,,,,C463,,E463,,G463,,I463,,K463,,,,,"$976,577"
Cam Thomas,MIL,2021,"$6,837,779",,,,,,,,,,C464,,E464,,G464,,I464,,K464,,,,,"$844,607"
Haywood Highsmith,PHO,2018,"$6,443,984",,"$3,018,158",,,,,,,,C465,,E465,,G465,,I465,,K465,,,,,"$1,827,984"
Jeremy Sochan,NYK,2022,"$7,874,853",Team,,,,,,,,,C466,,E466,,G466,,I466,,K466,,,,,"$778,622"
Mike Conley,MIN,2007,"$11,499,872",,,,,,,,,,C467,,E467,,G467,,I467,,K467,,,,,"$725,834"
Bryce McGowens,NOP,2022,"$724,598",,"$2,584,539",,"$2,934,742",Team,,,,,C468,,E468,,G468,,I468,,K468,,,,,"$3,309,137"
Jabari Walker,PHI,2022,"$724,598",,"$2,584,539",,,,,,,,C469,,E469,,G469,,I469,,K469,,,,,"$724,598"
Nae'Qwan Tomlin,CLE,2024,"$718,150",,"$2,411,090",,,,,,,,C470,,E470,,G470,,I470,,K470,,,,,"$3,129,240"
Jordan Miller,LAC,2023,"$712,637",,"$2,497,812",,,,,,,,C471,,E471,,G471,,I471,,K471,,,,,"$3,210,449"
Cameron Payne,PHI,2015,"$712,637",,,,,,,,,,C472,,E472,,G472,,I472,,K472,,,,,"$712,637"
E.J. Liddell,PHO,2022,"$706,898",,"$706,898",,,,,,,,C473,,E473,,G473,,I473,,K473,,,,,"$1,413,796"
Caleb Houstan,ATL,2022,"$699,440",,,,,,,,,,C474,,E474,,G474,,I474,,K474,,,,,"$699,440"
Sidy Cissoko,POR,2023,"$686,243",,"$2,497,812",,,,,,,,C475,,E475,,G475,,I475,,K475,,,,,"$686,243"
Vasilije Micić,MIL,2014,"$666,667",Team,"$666,667",Team,"$666,667",Team,,,,,C476,,E476,,G476,,I476,,K476,,,,,"$2,000,001"
Spencer Jones,DEN,2024,"$623,967",,,,,,,,,,C477,,E477,,G477,,I477,,K477,,,,,"$623,967"
Mason Plumlee,SAS,2013,"$3,022,108",,,,,,,,,,C478,,E478,,G478,,I478,,K478,,,,,"$725,834"
Amari Williams,BOS,2025,"$490,128",,"$2,150,917",,,,,,,,C479,,E479,,G479,,I479,,K479,,,,,"$2,641,045"
Kobe Sanders,LAC,2025,"$475,497",,"$2,150,917",Team,,,,,,,C480,,E480,,G480,,I480,,K480,,,,,"$475,497"
Mamadi Diakite,MEM,2020,"$464,050",,"$464,050",,,,,,,,C481,,E481,,G481,,I481,,K481,,,,,"$928,100"
Ricky Rubio,CLE,2009,"$424,672",,"$424,672",,,,,,,,C482,,E482,,G482,,I482,,K482,,,,,"$849,344"
Myron Gardner,MIA,2025,"$395,029",,"$2,150,917",,"$2,525,901",,,,,,C483,,E483,,G483,,I483,,K483,,,,,"$395,029"
Jeremiah Robinson-Earl,IND,2021,"$131,970",,,,,,,,,,C484,,E484,,G484,,I484,,K484,,,,,"$589,305"
Monte Morris,IND,2017,"$321,184",,,,,,,,,,C485,,E485,,G485,,I485,,K485,,,,,"$321,184"
Garrison Mathews,IND,2019,"$429,325",,,,,,,,,,C486,,E486,,G486,,I486,,K486,,,,,"$561,295"
Didi Louzada,POR,2019,"$268,032",,"$268,032",,"$268,032",,"$268,032",,,,C487,,E487,,G487,,I487,,K487,,,,,"$1,072,128"
Mo Bamba,TOR,2018,"$458,711",,,,,,,,,#ERROR!,C488,,E488,,G488,,I488,,K488,,,,,"$194,771"
Mac McClung,IND,2021,"$164,060",,,,,,,,,,C489,,E489,,G489,,I489,,K489,,,,,"$164,060"
Tony Bradley,IND,2017,"$3,204,816",Team,,,,,,,,,C490,,E490,,G490,,I490,,K490,,,,,"$3,204,816"
Tony Bradley,IND,2017,"$3,204,816",Team,,,,,,,,,C491,,E491,,G491,,I491,,K491,,,,,"$3,204,816"
James Wiseman,IND,2020,"$1,131,970",,,,,,,,,,C492,,E492,,G492,,I492,,K492,,,,,"$1,131,970"
Kobe Bufkin,LAL,2023,"$5,480,297",Team,,,,,,,,,C493,,E493,,G493,,I493,,K493,,,,,"$976,577"
Mason Plumlee,SAS,2013,"$3,022,108",,,,,,,,,,C494,,E494,,G494,,I494,,K494,,,,,"$725,834"
Jeremiah Robinson-Earl,IND,2021,"$131,970",,,,,,,,,,C495,,E495,,G495,,I495,,K495,,,,,"$589,305"
Jeremiah Robinson-Earl,IND,2021,"$131,970",,,,,,,,,,C496,,E496,,G496,,I496,,K496,,,,,"$589,305"
Garrison Mathews,IND,2019,"$429,325",,,,,,,,,,C497,,E497,,G497,,I497,,K497,,,,,"$561,295"
Garrison Mathews,IND,2019,"$429,325",,,,,,,,,,C498,,E498,,G498,,I498,,K498,,,,,"$561,295"
Mo Bamba,UTA,2018,"$458,711",,,,,,,,,,C499,,E499,,G499,,I499,,K499,,,,,"$263,940"
Mo Bamba,UTA,2018,"$458,711",,,,,,,,,,C500,,E500,,G500,,I500,,K500,,,,,"$263,940"
Killian Hayes,SAC,2020,"$263,940",,,,,,,,,,C501,,E501,,G501,,I501,,K501,,,,,"$263,940"
Killian Hayes,SAC,2020,"$263,940",,,,,,,,,,C502,,E502,,G502,,I502,,K502,,,,,"$263,940"
Charles Bassey,PHI,2021,"$263,940",,,,,,,,,,C503,,E503,,G503,,I503,,K503,,,,,"$263,940"
Charles Bassey,PHI,2021,"$263,940",,,,,,,,,,C504,,E504,,G504,,I504,,K504,,,,,"$263,940"
Christian Koloko,MEM,2022,"$263,940",,,,,,,,,,C505,,E505,,G505,,I505,,K505,,,,,"$263,940"
Christian Koloko,MEM,2022,"$263,940",,,,,,,,,,C506,,E506,,G506,,I506,,K506,,,,,"$263,940"
Alondes Williams,WAS,2022,"$131,970",,,,,,,,,,C507,,E507,,G507,,I507,,K507,,,,,"$131,970"
Skal Labissière,WAS,2016,"$131,970",,,,,,,,,,C508,,E508,,G508,,I508,,K508,,,,,"$131,970"
Patrick Baldwin Jr.,PHI,2022,"$263,940",,,,,,,,,,C509,,E509,,G509,,I509,,K509,,,,,"$131,970"
Kobe Bufkin,MEM,2023,"$5,480,297",Team,,,,,,,,,C510,,E510,,G510,,I510,,K510,,,,,"$131,970"
Rayan Rupert,MEM,2023,"$2,353,647",Team,,,,,,,,,C511,,E511,,G511,,I511,,K511,,,,,"$131,970"
Charles Bassey,MEM,2021,"$263,940",,,,,,,,,,C512,,E512,,G512,,I512,,K512,,,,,"$131,970"
Dalano Banton,LAC,2021,"$263,940",,,,,,,,,,C513,,E513,,G513,,I513,,K513,,,,,"$131,970"
Patrick Baldwin Jr.,LAC,2022,"$263,940",,,,,,,,,,C514,,E514,,G514,,I514,,K514,,,,,"$131,970"
Jeremiah Robinson-Earl,DAL,2021,"$131,970",,,,,,,,,,C515,,E515,,G515,,I515,,K515,,,,,"$131,970"
Dalano Banton,BOS,2021,"$263,940",,,,,,,,,,C516,,E516,,G516,,I516,,K516,,,,,"$131,970"
Tre Scott,BRK,2021,"$129,503",,,,,,,,,,C517,,E517,,G517,,I517,,K517,,,,,"$174,503"
Lawson Lovering,MEM,2025,"$87,784",,,,,,,,,,C518,,E518,,G518,,I518,,K518,,,,,"$87,784"
Adama-Alpha Bal,MEM,2025,"$117,045",,,,,,,,,,C519,,E519,,G519,,I519,,K519,,,,,"$117,045"
Malachi Smith,BRK,2025,"$73,153",,,,,,,,,,C520,,E520,,G520,,I520,,K520,,,,,"$115,803"
Kadary Richmond,WAS,2025,"$73,153",,,,,,,,,,C521,,E521,,G521,,I521,,K521,,,,,"$73,153"
Keshon Gilbert,WAS,2025,"$73,153",,,,,,,,,,C522,,E522,,G522,,I522,,K522,,,,,"$73,153"
Gabe McGlothan,IND,,"$73,153",,,,,,,,,,C523,,E523,,G523,,I523,,K523,,,,,"$73,153"
Grant Nelson,BRK,2025,"$73,153",,,,,,,,,,C524,,E524,,G524,,I524,,K524,,,,,"$73,153"
John Tonje,BOS,2025,"$73,153",,,,,,,,,,C525,,E525,,G525,,I525,,K525,,,,,"$73,153"
Jaden Springer,NOP,2021,"$70,732",,,,,,,,,,C526,,E526,,G526,,I526,,K526,,,,,"$70,732"
Tre Scott,BRK,2021,"$129,503",,,,,,,,,,C527,,E527,,G527,,I527,,K527,,,,,"$174,503"
Adama-Alpha Bal,MEM,2025,"$117,045",,,,,,,,,,C528,,E528,,G528,,I528,,K528,,,,,"$117,045"
Malachi Smith,BRK,2025,"$73,153",,,,,,,,,,C529,,E529,,G529,,I529,,K529,,,,,"$115,803"
Lucas Williamson,MEM,2025,"$21,946",,,,,,,,,,C530,,E530,,G530,,I530,,K530,,,,,"$21,946"
Tre Scott,BRK,2021,"$129,503",,,,,,,,,,C531,,E531,,G531,,I531,,K531,,,,,"$174,503"
